{"cameraMode":{"drawMode":0,"name":"Shaded","section":"Shading Mode"},"sceneLighting":true,"audioPlay":false,"sceneViewState":{"m_AlwaysRefresh":false,"showFog":true,"showSkybox":false,"showFlares":true,"showImageEffects":true,"showParticleSystems":true,"showVisualEffectGraphs":true,"m_FxEnabled":true},"in2DMode":false,"pivot":{"x":1.6399999856948853,"y":29.950000762939454,"z":-20.639999389648439},"rotation":{"x":0.10033177584409714,"y":-0.009525143541395665,"z":0.0009473339305259287,"w":0.9949643611907959},"size":10.550349235534668,"orthographic":false}