{"cameraMode":{"drawMode":0,"name":"Shaded","section":"Shading Mode"},"sceneLighting":true,"audioPlay":false,"sceneViewState":{"m_AlwaysRefresh":false,"showFog":true,"showSkybox":false,"showFlares":true,"showImageEffects":true,"showParticleSystems":true,"showVisualEffectGraphs":true,"m_FxEnabled":true},"in2DMode":false,"pivot":{"x":14.396303176879883,"y":3.8184008598327638,"z":10.966032981872559},"rotation":{"x":0.004403495229780674,"y":-0.25282618403434756,"z":0.0009537531295791268,"w":0.9676129817962647},"size":12.035747528076172,"orthographic":false}