{"cameraMode":{"drawMode":0,"name":"Shaded","section":"Shading Mode"},"sceneLighting":false,"audioPlay":false,"sceneViewState":{"m_AlwaysRefresh":false,"showFog":true,"showSkybox":false,"showFlares":true,"showImageEffects":true,"showParticleSystems":true,"showVisualEffectGraphs":true,"m_FxEnabled":true},"in2DMode":false,"pivot":{"x":-5.353234767913818,"y":-2.8816709518432619,"z":13.002026557922364},"rotation":{"x":-0.10630536824464798,"y":0.16503901779651643,"z":-0.017879461869597436,"w":-0.9804483652114868},"size":11.364368438720704,"orthographic":false}